email,subject,message

kkl@gmail.com,master thesis,when  will be the meeting 
kkl@gmail.com,master thesis,when  will be the meeting 
kkl@gmail.com,master thesis,when  will be the meeting 
kkl@gmail.com,master thesis,when  will be the meeting 
kkl@gmail.com,master thesis,when  will be the meeting 
kkl@gmail.com,master thesis,when  will be the meeting 
kkl@gmail.com,master thesis,when  will be the meeting 
kkl@gmail.com,master thesis,when  will be the meeting 
kkl@gmail.com,sd,mnmnmnmnmn
wwwwrrr@gooo.com,rtrere,rere
